Date,Close/Last,Open,High,Low
10/07/2026,31160.08,30976.25,31170.12,30904.46
10/06/2026,31224.69,31255.40,31361.37,31208.20
10/05/2026,31076.44,30812.76,31117.36,30798.42
10/02/2026,30807.93,30869.14,31017.52,30737.07
10/01/2026,30501.56,30533.60,30616.24,30274.65
09/30/2026,30408.50,30421.68,30630.45,30408.50
09/29/2026,30339.33,30412.29,30429.97,30235.67
09/28/2026,30276.81,30426.63,30480.40,30081.06
09/25/2026,30608.13,30517.46,30667.56,30413.58
09/24/2026,30478.86,30225.19,30529.35,30204.16
09/23/2026,30470.29,30706.23,30706.23,30353.88
09/22/2026,30732.40,30496.43,30770.63,30496.43
09/21/2026,30482.35,29947.16,30557.33,29933.22
09/18/2026,29644.17,29529.64,29647.80,29371.89
09/17/2026,29446.98,29401.54,29494.95,29305.90
09/16/2026,28945.06,29110.04,29235.89,28753.29
09/15/2026,28937.84,29100.16,29142.80,28899.43
09/14/2026,29127.16,28890.93,29285.50,28867.67
09/11/2026,29368.44,29331.48,29473.12,29313.51
09/10/2026,29103.51,29097.33,29250.41,29038.22
09/09/2026,29421.55,29431.94,29563.60,29334.40
09/08/2026,29507.70,29645.18,29655.73,29400.70
