entry_time,exit_time,dir_py,qty_py,entry_px_py,exit_px_py,pnl_py,reason,dir_tv,qty_tv,entry_px_tv,exit_px_tv,pnl_tv,signal
2025-10-08 11:15:00-04:00,2025-10-08 16:00:00-04:00,long,1,6793.0,6801.5,40.0,flatten,,,,,,
2025-10-10 11:00:00-04:00,2025-10-10 11:45:00-04:00,short,2,6757.25,6674.641248822329,821.09,target,short,2.0,6757.25,6675.0,817.5,S x
2025-10-20 10:45:00-04:00,2025-10-20 16:00:00-04:00,long,3,6769.5,6773.0,45.0,flatten,long,3.0,6769.5,6773.25,48.75,session_flatten
2025-10-24 11:30:00-04:00,2025-10-24 16:00:00-04:00,long,1,6838.5,6827.25,-58.75,flatten,long,1.0,6838.5,6827.25,-58.75,session_flatten
2025-11-06 10:45:00-05:00,2025-11-06 16:00:00-05:00,short,2,6757.5,6750.5,65.0,flatten,short,2.0,6757.5,6750.5,65.0,session_flatten
2025-11-26 11:15:00-05:00,2025-11-26 16:00:00-05:00,long,1,6831.5,6825.25,-33.75,flatten,long,1.0,6831.5,6825.25,-33.75,session_flatten
2025-11-28 11:00:00-05:00,2025-11-28 13:15:00-05:00,long,1,6851.25,6857.25,27.5,flatten,long,1.0,6851.25,6854.75,15.0,session_flatten
2025-12-02 11:00:00-05:00,2025-12-02 11:15:00-05:00,long,1,6860.25,6839.25,-107.5,stop,long,1.0,6860.25,6839.25,-107.5,L x
2025-12-03 10:45:00-05:00,2025-12-03 16:00:00-05:00,long,1,6850.5,6862.25,56.25,flatten,long,1.0,6850.5,6862.25,56.25,session_flatten
2025-12-12 11:00:00-05:00,2025-12-12 16:00:00-05:00,short,2,6830.5,6831.25,-12.5,flatten,short,2.0,6830.5,6831.5,-15.0,session_flatten
2025-12-17 10:45:00-05:00,2025-12-17 16:00:00-05:00,short,2,6824.5,6777.0,470.0,flatten,short,2.0,6824.5,6777.0,470.0,session_flatten
2025-12-18 10:45:00-05:00,2025-12-18 12:15:00-05:00,long,2,6869.5,6838.25,-317.5,stop,long,2.0,6869.5,6838.0,-320.0,L x
2025-12-23 11:00:00-05:00,2025-12-23 16:00:00-05:00,long,1,6945.0,6960.0,72.5,flatten,long,1.0,6945.0,6960.0,72.5,session_flatten
2025-12-24 10:45:00-05:00,2025-12-24 13:15:00-05:00,long,8,6973.0,6979.75,250.0,flatten,long,8.0,6973.0,6980.75,290.0,session_flatten
2026-01-05 11:45:00-05:00,2026-01-05 16:00:00-05:00,long,1,6957.75,6945.75,-62.5,flatten,long,1.0,6957.75,6946.0,-61.25,session_flatten
2026-01-12 11:00:00-05:00,2026-01-12 16:00:00-05:00,long,4,7003.25,7015.75,240.0,flatten,long,4.0,7003.25,7015.75,240.0,session_flatten
2026-01-14 11:00:00-05:00,2026-01-14 15:45:00-05:00,short,2,6933.25,6961.25,-285.0,stop,short,2.0,6933.25,6961.25,-285.0,S x
2026-01-15 11:30:00-05:00,2026-01-15 14:45:00-05:00,long,1,7011.0,6991.5,-100.0,stop,long,1.0,7011.0,6991.5,-100.0,L x
2026-01-27 11:00:00-05:00,2026-01-27 16:00:00-05:00,long,1,7013.5,7008.5,-27.5,flatten,long,1.0,7013.5,7008.5,-27.5,session_flatten
2026-01-29 10:45:00-05:00,2026-01-29 12:15:00-05:00,short,2,6915.75,6948.25,-330.0,stop,short,2.0,6915.75,6948.25,-330.0,S x
2026-02-02 12:00:00-05:00,2026-02-02 16:00:00-05:00,long,2,7005.5,7002.75,-32.5,flatten,long,2.0,7005.5,7002.75,-32.5,session_flatten
2026-02-03 12:00:00-05:00,2026-02-03 16:00:00-05:00,short,2,6952.5,6941.25,107.5,flatten,short,2.0,6952.5,6941.0,110.0,session_flatten
2026-02-12 10:45:00-05:00,2026-02-12 13:15:00-05:00,short,1,6942.0,6864.662646999809,384.19,target,short,1.0,6942.0,6864.75,383.75,S x
2026-02-16 10:45:00-05:00,2026-02-16 13:00:00-05:00,short,1,6843.75,6855.0,-58.75,flatten,short,1.0,6843.75,6855.75,-62.5,session_flatten
2026-02-23 10:45:00-05:00,2026-02-23 16:00:00-05:00,short,2,6866.0,6854.25,112.5,flatten,short,2.0,6866.0,6854.25,112.5,session_flatten
2026-02-25 12:00:00-05:00,2026-02-25 16:00:00-05:00,long,1,6949.75,6959.25,45.0,flatten,long,1.0,6949.75,6959.5,46.25,session_flatten
2026-03-13 10:45:00-04:00,2026-03-13 16:00:00-04:00,short,2,6686.5,6637.25,487.5,flatten,short,2.0,6686.5,6637.25,487.5,session_flatten
2026-04-09 11:45:00-04:00,2026-04-09 16:00:00-04:00,long,1,6839.0,6861.75,111.25,flatten,long,1.0,6839.0,6861.75,111.25,session_flatten
2026-04-13 11:00:00-04:00,2026-04-13 16:00:00-04:00,long,3,6867.0,6921.25,806.25,flatten,long,3.0,6867.0,6921.0,802.5,session_flatten
2026-04-14 11:00:00-04:00,2026-04-14 16:00:00-04:00,long,4,6977.25,7006.0,565.0,flatten,long,4.0,6977.25,7005.75,560.0,session_flatten
2026-04-15 11:15:00-04:00,2026-04-15 16:00:00-04:00,long,1,7035.25,7059.75,120.0,flatten,long,1.0,7035.25,7060.0,121.25,session_flatten
2026-04-16 11:45:00-04:00,2026-04-16 16:00:00-04:00,long,1,7075.5,7076.5,2.5,flatten,long,1.0,7075.5,7076.25,1.25,session_flatten
2026-04-17 10:45:00-04:00,2026-04-17 16:00:00-04:00,long,2,7170.25,7161.0,-97.5,flatten,long,2.0,7170.25,7161.0,-97.5,session_flatten
2026-04-23 11:00:00-04:00,2026-04-23 13:15:00-04:00,long,1,7175.25,7150.5,-126.25,stop,long,1.0,7175.25,7150.25,-127.5,L x
2026-05-04 10:45:00-04:00,2026-05-04 11:30:00-04:00,long,1,7269.5,7244.5,-127.5,stop,long,1.0,7269.5,7244.0,-130.0,L x
2026-05-11 11:00:00-04:00,2026-05-11 16:00:00-04:00,long,1,7443.0,7438.5,-25.0,flatten,long,1.0,7443.0,7438.5,-25.0,session_flatten
2026-05-13 11:00:00-04:00,2026-05-13 16:00:00-04:00,long,1,7433.25,7468.25,172.5,flatten,long,1.0,7433.25,7468.5,173.75,session_flatten
2026-05-14 11:15:00-04:00,2026-05-14 16:00:00-04:00,long,1,7525.25,7525.75,0.0,flatten,long,1.0,7525.25,7525.75,0.0,session_flatten
2026-05-28 12:00:00-04:00,2026-05-28 16:00:00-04:00,long,3,7575.0,7581.75,93.75,flatten,long,3.0,7575.0,7581.75,93.75,session_flatten
2026-06-01 11:45:00-04:00,2026-06-01 16:00:00-04:00,long,1,7601.75,7613.5,56.25,flatten,long,1.0,7601.75,7613.75,57.5,session_flatten
2026-06-02 11:00:00-04:00,2026-06-02 16:00:00-04:00,long,1,7625.5,7623.25,-13.75,flatten,long,1.0,7625.5,7623.25,-13.75,session_flatten
2026-06-09 10:45:00-04:00,2026-06-09 12:30:00-04:00,short,2,7407.5,7290.896596661335,1161.03,target,short,2.0,7407.5,7291.0,1160.0,S x
2026-06-15 11:00:00-04:00,2026-06-15 16:00:00-04:00,long,1,7623.5,7630.0,30.0,flatten,long,1.0,7623.5,7629.75,28.75,session_flatten
2026-06-19 11:30:00-04:00,2026-06-19 13:00:00-04:00,long,1,7566.25,7556.75,-50.0,flatten,long,1.0,7566.25,7543.5,-116.25,session_flatten
2026-06-30 10:45:00-04:00,2026-06-30 16:00:00-04:00,long,1,7536.0,7544.5,40.0,flatten,long,1.0,7536.0,7544.75,41.25,session_flatten
2026-07-22 11:30:00-04:00,2026-07-22 16:00:00-04:00,long,1,7557.25,7536.5,-106.25,flatten,long,1.0,7557.25,7536.75,-105.0,session_flatten
2026-07-27 10:45:00-04:00,2026-07-27 11:00:00-04:00,short,2,7425.75,7453.75,-285.0,stop,short,2.0,7425.75,7454.0,-287.5,S x
2026-07-29 10:45:00-04:00,2026-07-29 14:15:00-04:00,short,2,7397.5,7432.75,-357.5,stop,short,2.0,7397.5,7433.25,-362.5,S x
2026-08-03 10:45:00-04:00,2026-08-03 16:00:00-04:00,long,3,7601.5,7628.25,393.75,flatten,long,3.0,7601.5,7628.25,393.75,session_flatten
2026-08-04 10:45:00-04:00,2026-08-04 14:00:00-04:00,long,3,7710.5,7781.9659063085755,1064.49,target,long,3.0,7710.5,7781.75,1061.25,L x
2026-08-19 10:45:00-04:00,2026-08-19 16:00:00-04:00,long,1,7750.75,7725.75,-127.5,stop,long,1.0,7750.75,7725.5,-128.75,L x
