Trade number,Type,Date and time,Signal,Price USD,Size (qty),Size (value),Net PnL USD,Return %,Commission USD,Favorable excursion USD,Favorable excursion %,Adverse excursion USD,Adverse excursion %,Cumulative PnL USD,Cumulative PnL %,Duration (bars)
1,Exit short,2025-10-09 11:00,S x,25260.25,2,100809,-237,-0.24,5,32.5,0.03,-234.5,-0.23,-237,-0.47,1
1,Entry short,2025-10-09 10:45,S,25202.25,2,100809,-237,-0.24,5,32.5,0.03,-234.5,-0.23,-237,-0.47,1
2,Exit short,2025-10-10 11:30,S x,24750.75,2,100250,1242,1.24,5,1244.5,1.24,-65.5,-0.07,1005,2.01,1
2,Entry short,2025-10-10 11:15,S,25062.5,2,100250,1242,1.24,5,1244.5,1.24,-65.5,-0.07,1005,2.01,1
3,Exit long,2025-10-20 16:00,session_flatten,25300,1,50593,4.5,0.01,2.5,115.75,0.23,-15.75,-0.03,1009.5,2.02,21
3,Entry long,2025-10-20 10:45,L,25296.5,1,50593,4.5,0.01,2.5,115.75,0.23,-15.75,-0.03,1009.5,2.02,21
4,Exit short,2025-10-22 10:45,S x,25159.25,1,50148,-173,-0.34,2.5,45.75,0.09,-171.75,-0.34,836.5,1.67,0
4,Entry short,2025-10-22 10:45,S,25074,1,50148,-173,-0.34,2.5,45.75,0.09,-171.75,-0.34,836.5,1.67,0
5,Exit short,2025-10-22 11:45,S x,25131,1,50055.5,-209,-0.42,2.5,48.25,0.10,-207.75,-0.42,627.5,1.26,1
5,Entry short,2025-10-22 11:30,S,25027.75,1,50055.5,-209,-0.42,2.5,48.25,0.10,-207.75,-0.42,627.5,1.26,1
6,Exit long,2025-10-27 16:00,session_flatten,25960.75,2,103559,279,0.27,5,364.5,0.35,-161.5,-0.16,906.5,1.81,21
6,Entry long,2025-10-27 10:45,L,25889.75,2,103559,279,0.27,5,364.5,0.35,-161.5,-0.16,906.5,1.81,21
7,Exit long,2025-11-05 16:00,session_flatten,25741.25,1,51533,-53,-0.10,2.5,222.75,0.43,-74.25,-0.14,853.5,1.71,17
7,Entry long,2025-11-05 11:45,L,25766.5,1,51533,-53,-0.10,2.5,222.75,0.43,-74.25,-0.14,853.5,1.71,17
8,Exit short,2025-11-06 16:00,session_flatten,25258.25,1,50650.5,131.5,0.26,2.5,254.75,0.50,-228.25,-0.45,985,1.97,21
8,Entry short,2025-11-06 10:45,S,25325.25,1,50650.5,131.5,0.26,2.5,254.75,0.50,-228.25,-0.45,985,1.97,21
9,Exit short,2025-11-07 14:30,S x,25020,1,49739,-303.5,-0.61,2.5,319.75,0.64,-302.25,-0.61,681.5,1.36,15
9,Entry short,2025-11-07 10:45,S,24869.5,1,49739,-303.5,-0.61,2.5,319.75,0.64,-302.25,-0.61,681.5,1.36,15
10,Exit short,2025-11-13 16:00,session_flatten,25100.75,1,50515.5,311.5,0.62,2.5,510.25,1.01,-41.25,-0.08,993,1.99,20
10,Entry short,2025-11-13 11:00,S,25257.75,1,50515.5,311.5,0.62,2.5,510.25,1.01,-41.25,-0.08,993,1.99,20
11,Exit long,2025-11-26 16:00,session_flatten,25296.25,1,50729,-139,-0.27,2.5,9.25,0.02,-167.75,-0.33,854,1.71,17
11,Entry long,2025-11-26 11:45,L,25364.5,1,50729,-139,-0.27,2.5,9.25,0.02,-167.75,-0.33,854,1.71,17
12,Exit long,2025-11-28 11:15,L x,25367.25,3,152575.5,-379.5,-0.25,7.5,42.75,0.03,-375.75,-0.25,474.5,0.95,0
12,Entry long,2025-11-28 11:15,L,25429.25,3,152575.5,-379.5,-0.25,7.5,42.75,0.03,-375.75,-0.25,474.5,0.95,0
13,Exit short,2025-12-12 13:15,S x,25360.5,2,100960,-487,-0.48,5,486.5,0.48,-484.5,-0.48,-12.5,-0.02,9
13,Entry short,2025-12-12 11:00,S,25240,2,100960,-487,-0.48,5,486.5,0.48,-484.5,-0.48,-12.5,-0.02,9
14,Exit short,2025-12-17 16:00,session_flatten,24892.75,2,100565,989,0.98,5,1011.5,1.01,-74.5,-0.07,976.5,1.95,21
14,Entry short,2025-12-17 10:45,S,25141.25,2,100565,989,0.98,5,1011.5,1.01,-74.5,-0.07,976.5,1.95,21
15,Exit long,2025-12-18 12:00,L x,25253.25,1,50762,-258,-0.51,2.5,70.75,0.14,-256.75,-0.51,718.5,1.44,5
15,Entry long,2025-12-18 10:45,L,25381,1,50762,-258,-0.51,2.5,70.75,0.14,-256.75,-0.51,718.5,1.44,5
16,Exit long,2025-12-25 18:00,session_flatten,25869.75,3,155122.5,88.5,0.06,7.5,227.25,0.15,-24.75,-0.02,807,1.61,7
16,Entry long,2025-12-24 11:30,L,25853.75,3,155122.5,88.5,0.06,7.5,227.25,0.15,-24.75,-0.02,807,1.61,7
17,Exit short,2026-01-02 16:00,session_flatten,25385.75,1,50750.5,-23.5,-0.05,2.5,218.75,0.43,-164.75,-0.32,783.5,1.57,20
17,Entry short,2026-01-02 11:00,S,25375.25,1,50750.5,-23.5,-0.05,2.5,218.75,0.43,-164.75,-0.32,783.5,1.57,20
18,Exit long,2026-01-07 15:30,L x,25837.5,2,103623,-278,-0.27,5,366.5,0.35,-275.5,-0.27,505.5,1.01,18
18,Entry long,2026-01-07 11:00,L,25905.75,2,103623,-278,-0.27,5,366.5,0.35,-275.5,-0.27,505.5,1.01,18
19,Exit long,2026-01-12 16:00,session_flatten,25951.75,2,103786,16,0.02,5,293.5,0.28,-105.5,-0.10,521.5,1.04,19
19,Entry long,2026-01-12 11:15,L,25946.5,2,103786,16,0.02,5,293.5,0.28,-105.5,-0.10,521.5,1.04,19
20,Exit short,2026-01-14 15:30,S x,25601.75,2,101966,-446,-0.44,5,278.5,0.27,-443.5,-0.43,75.5,0.15,18
20,Entry short,2026-01-14 11:00,S,25491.5,2,101966,-446,-0.44,5,278.5,0.27,-443.5,-0.43,75.5,0.15,18
21,Exit long,2026-01-23 12:30,L x,25732.25,1,51653.5,-191.5,-0.37,2.5,36.25,0.07,-190.25,-0.37,-116,-0.23,6
21,Entry long,2026-01-23 11:00,L,25826.75,1,51653.5,-191.5,-0.37,2.5,36.25,0.07,-190.25,-0.37,-116,-0.23,6
22,Exit long,2026-01-26 16:00,session_flatten,25844.75,1,51812.5,-125.5,-0.24,2.5,51.75,0.10,-133.25,-0.26,-241.5,-0.48,18
22,Entry long,2026-01-26 11:30,L,25906.25,1,51812.5,-125.5,-0.24,2.5,51.75,0.10,-133.25,-0.26,-241.5,-0.48,18
23,Exit short,2026-01-29 11:15,S x,25707.5,1,51152.5,-265,-0.52,2.5,75.75,0.15,-263.75,-0.52,-506.5,-1.01,1
23,Entry short,2026-01-29 11:00,S,25576.25,1,51152.5,-265,-0.52,2.5,75.75,0.15,-263.75,-0.52,-506.5,-1.01,1
24,Exit short,2026-02-04 16:00,session_flatten,24997.25,1,49957,-40,-0.08,2.5,387.75,0.78,-282.75,-0.57,-546.5,-1.09,17
24,Entry short,2026-02-04 11:45,S,24978.5,1,49957,-40,-0.08,2.5,387.75,0.78,-282.75,-0.57,-546.5,-1.09,17
25,Exit short,2026-02-12 15:45,S x,24747.75,1,50172,674,1.34,2.5,675.25,1.35,-71.75,-0.14,127.5,0.26,20
25,Entry short,2026-02-12 10:45,S,25086,1,50172,674,1.34,2.5,675.25,1.35,-71.75,-0.14,127.5,0.26,20
26,Exit short,2026-02-16 12:45,S x,24771.5,1,49371,-174.5,-0.35,2.5,28.75,0.06,-173.25,-0.35,-47,-0.09,8
26,Entry short,2026-02-16 10:45,S,24685.5,1,49371,-174.5,-0.35,2.5,28.75,0.06,-173.25,-0.35,-47,-0.09,8
27,Exit short,2026-02-23 16:00,session_flatten,24768.75,1,49530,-10,-0.02,2.5,173.75,0.35,-112.25,-0.23,-57,-0.11,17
27,Entry short,2026-02-23 11:45,S,24765,1,49530,-10,-0.02,2.5,173.75,0.35,-112.25,-0.23,-57,-0.11,17
28,Exit long,2026-04-09 16:00,session_flatten,25248.5,1,50378.5,116,0.23,2.5,166.75,0.33,-89.75,-0.18,59,0.12,16
28,Entry long,2026-04-09 12:00,L,25189.25,1,50378.5,116,0.23,2.5,166.75,0.33,-89.75,-0.18,59,0.12,16
29,Exit long,2026-04-13 16:00,session_flatten,25537.5,2,101407,738,0.73,5,791.5,0.78,-280.5,-0.28,797,1.59,20
29,Entry long,2026-04-13 11:00,L,25351.75,2,101407,738,0.73,5,791.5,0.78,-280.5,-0.28,797,1.59,20
30,Exit long,2026-04-14 16:00,session_flatten,26000.25,2,103336,660,0.64,5,672.5,0.65,-8.5,-0.01,1457,2.91,18
30,Entry long,2026-04-14 11:30,L,25834,2,103336,660,0.64,5,672.5,0.65,-8.5,-0.01,1457,2.91,18
31,Exit long,2026-04-15 16:00,session_flatten,26363.75,2,104652,798,0.76,5,854.5,0.82,-242.5,-0.23,2255,4.51,20
31,Entry long,2026-04-15 11:00,L,26163,2,104652,798,0.76,5,854.5,0.82,-242.5,-0.23,2255,4.51,20
32,Exit long,2026-04-17 16:00,session_flatten,26827.25,2,107329,-25,-0.02,5,200.5,0.19,-387.5,-0.36,2230,4.46,21
32,Entry long,2026-04-17 10:45,L,26832.25,2,107329,-25,-0.02,5,200.5,0.19,-387.5,-0.36,2230,4.46,21
33,Exit long,2026-04-24 16:00,session_flatten,27433.25,1,54768,96,0.18,2.5,156.25,0.29,-85.75,-0.16,2326,4.65,17
33,Entry long,2026-04-24 11:45,L,27384,1,54768,96,0.18,2.5,156.25,0.29,-85.75,-0.16,2326,4.65,17
34,Exit long,2026-05-07 11:15,L x,28831.75,1,57858,-197,-0.34,2.5,1.75,0.00,-195.75,-0.34,2129,4.26,1
34,Entry long,2026-05-07 11:00,L,28929,1,57858,-197,-0.34,2.5,1.75,0.00,-195.75,-0.34,2129,4.26,1
35,Exit long,2026-05-08 16:00,session_flatten,29339.5,2,116736,617,0.53,5,624.5,0.53,-124.5,-0.11,2746,5.49,18
35,Entry long,2026-05-08 11:30,L,29184,2,116736,617,0.53,5,624.5,0.53,-124.5,-0.11,2746,5.49,18
36,Exit long,2026-05-20 16:00,session_flatten,29394.75,1,58587,200,0.34,2.5,203.75,0.35,-168.75,-0.29,2946,5.89,18
36,Entry long,2026-05-20 11:30,L,29293.5,1,58587,200,0.34,2.5,203.75,0.35,-168.75,-0.29,2946,5.89,18
37,Exit long,2026-05-26 11:00,L x,30009.5,2,120420,-387,-0.32,5,37.5,0.03,-384.5,-0.32,2559,5.12,1
37,Entry long,2026-05-26 10:45,L,30105,2,120420,-387,-0.32,5,37.5,0.03,-384.5,-0.32,2559,5.12,1
38,Exit long,2026-05-28 16:00,session_flatten,30305.75,1,60443,166,0.27,2.5,239.75,0.40,-26.25,-0.04,2725,5.45,19
38,Entry long,2026-05-28 11:15,L,30221.5,1,60443,166,0.27,2.5,239.75,0.40,-26.25,-0.04,2725,5.45,19
39,Exit long,2026-06-15 16:00,session_flatten,30872.5,1,61638,104.5,0.17,2.5,197.75,0.32,-37.25,-0.06,2829.5,5.66,19
39,Entry long,2026-06-15 11:15,L,30819,1,61638,104.5,0.17,2.5,197.75,0.32,-37.25,-0.06,2829.5,5.66,19
40,Exit long,2026-07-06 13:30,L x,29921,1,60141,-301.5,-0.50,2.5,45.75,0.08,-300.25,-0.50,2528,5.06,7
40,Entry long,2026-07-06 11:45,L,30070.5,1,60141,-301.5,-0.50,2.5,45.75,0.08,-300.25,-0.50,2528,5.06,7
41,Exit short,2026-07-27 10:45,S x,28121.25,1,55918.5,-326.5,-0.58,2.5,2.25,0.00,-325.25,-0.58,2201.5,4.40,0
41,Entry short,2026-07-27 10:45,S,27959.25,1,55918.5,-326.5,-0.58,2.5,2.25,0.00,-325.25,-0.58,2201.5,4.40,0
42,Exit long,2026-08-04 16:00,session_flatten,29875,1,59239,508.5,0.86,2.5,672.75,1.14,-13.75,-0.02,2710,5.42,19
42,Entry long,2026-08-04 11:15,L,29619.5,1,59239,508.5,0.86,2.5,672.75,1.14,-13.75,-0.02,2710,5.42,19
43,Exit long,2026-09-03 16:00,session_flatten,29530.75,1,59072,-13,-0.02,2.5,96.75,0.16,-121.25,-0.21,2697,5.39,18
43,Entry long,2026-09-03 11:30,L,29536,1,59072,-13,-0.02,2.5,96.75,0.16,-121.25,-0.21,2697,5.39,18
44,Exit long,2026-09-17 16:00,session_flatten,29744.75,1,59487.5,-0.5,0.00,2.5,97.75,0.16,-81.25,-0.14,2696.5,5.39,16
44,Entry long,2026-09-17 12:00,L,29743.75,1,59487.5,-0.5,0.00,2.5,97.75,0.16,-81.25,-0.14,2696.5,5.39,16
45,Exit long,2026-09-21 15:30,L x,30845.5,2,122204,1173,0.96,5,1175.5,0.96,-9.5,-0.01,3869.5,7.74,18
45,Entry long,2026-09-21 11:00,L,30551,2,122204,1173,0.96,5,1175.5,0.96,-9.5,-0.01,3869.5,7.74,18
46,Exit long,2026-10-06 13:15,L x,31488,2,126336,-389,-0.31,5,127.5,0.10,-386.5,-0.31,3480.5,6.96,9
46,Entry long,2026-10-06 11:00,L,31584,2,126336,-389,-0.31,5,127.5,0.10,-386.5,-0.31,3480.5,6.96,9